model,topology,precision,recall,f1,roc_auc
LR,C2,0.5359+/-0.0157,0.5573+/-0.1106,0.5425+/-0.0579,0.9518+/-0.0064
LR,DEBRUIJN,0.5704+/-0.0357,0.5716+/-0.0623,0.5682+/-0.0167,0.9492+/-0.0045
LR,KADEMLIA,0.5567+/-0.0108,0.5781+/-0.0780,0.5649+/-0.0347,0.9530+/-0.0103
LR,CHORD,0.5268+/-0.0322,0.5365+/-0.0485,0.5299+/-0.0200,0.9480+/-0.0056
MLP,C2,0.6328+/-0.0400,0.5951+/-0.0642,0.6131+/-0.0521,0.9636+/-0.0036
MLP,DEBRUIJN,0.6733+/-0.0216,0.6081+/-0.0283,0.6387+/-0.0193,0.9656+/-0.0027
MLP,KADEMLIA,0.6598+/-0.0384,0.6107+/-0.0277,0.6334+/-0.0165,0.9647+/-0.0021
MLP,CHORD,0.6185+/-0.0278,0.5586+/-0.0271,0.5868+/-0.0245,0.9616+/-0.0053
GCN,C2,0.8019+/-0.0546,0.6172+/-0.0784,0.6951+/-0.0510,0.9782+/-0.0036
GCN,DEBRUIJN,0.8686+/-0.0157,0.8372+/-0.0463,0.8524+/-0.0302,0.9869+/-0.0095
GCN,KADEMLIA,0.8889+/-0.0170,0.9974+/-0.0045,0.9399+/-0.0095,0.9986+/-0.0025
GCN,CHORD,0.8991+/-0.0418,0.9831+/-0.0023,0.9388+/-0.0215,0.9970+/-0.0024
